eng;meaning;ir;score
add;say sth more;abair;0
add;score;scóráil;0
add;score;faigh;0
add;score;gnóthaigh;0
add;in maths;suimigh;0
add;give extra quality;cuir le;0
answer;question;freagair;0
answer;question;freagra a thabhairt ar;0
answer;letter, ad, etc;freagair;0
answer;letter, ad, etc;freagra a thabhairt ar;0
answer;in exam etc;freagra a thabhairt ar;0
answer;in exam etc;freagra a thabhairt ar;0
answer;call, door, etc;freagair;0
answer;criticism etc;freagair;0
answer;criticism etc;freagra a thabhairt ar;0
answer;accusation;freagair;0
answer;solve (problem);réitigh;0
answer;solve (problem);leigheas;0
answer;return (attack, look etc);freagair;0
answer;cater for (need);freastail ar;0
answer;cater for (need);riar ar;0
ask;inquire (obj person);fiafraigh de;0
ask;inquire (obj person);ceist a chur ar;0
ask;inquire (obj question);fiafraigh;0
ask;inquire (obj question);fiosraigh;0
ask;request (obj person);iarr ar;0
ask;request (obj person);lorg ó;0
ask;request (obj request);iarr;0
ask;request (obj request);lorg;0
ask;expect, demand;iarr;0
ask;expect, demand;lorg;0
ask;expect, demand;bheith ag súil le;0
ask;invite;cuireadh;0
ask;invite;cuireadh;0
ask;invite;iarr;0
ask;charge;iarr;0
ask;charge;lorg;0
ask;get permission;cead a fháil;0
ask;get permission;cead a iarraidh;0
bake;cook in oven;bácáil;0
bake;harden in heat;bácáil;0
bake;harden in heat;bruith;0
be;stating status, position, appearance etc;bí;0
be;stating status, position, appearance etc;is;0
be;describing behaviour, temporary state;bí;4
be;describing behaviour, temporary state;is;4
be;equal to amount;bí;0
be;equal to amount;is;0
be;go somewhere;bí;0
be;go somewhere;téigh;0
be;exist;bí ann;0
be;with present participle, to form progressive;bí;0
be;in question tags;bí;0
be;in short answer;bí;0
bounce;of ball etc;preab;0
bounce;of ball etc;léim;0
bounce;of ball etc;bocáil;0
bounce;of light, sound, etc;preab;0
bounce;of light, sound, etc;bocáil;0
bounce;of light, sound, etc;frithchaith;0
bounce;move up and down;preab;0
bounce;move energetically;pocléim;0
bounce;cheque;diúltaigh;0
bounce;cheque;ob;0
bounce;cheque;preab;0
bounce;email;preab ar ais;0
bounce;move sb;caith amach;0
bounce;move sb;bata agus bóthar a thabhairt do;0
bring;carry with you;tabhair leat;0
bring;carry with you;beir leat;0
bring;take to sb;tabhair leat;0
bring;get and return with;faigh;0
bring;provide, supply;cuir ar fáil;0
bring;deliver (income, profit);saothraigh;0
bring;deliver (income, profit);tuill;0
build;building, structure;tóg;0
build;building, structure;déan;0
build;vehicle, machine;déan;0
build;create (reputation, society);cuir le chéile;0
build;create (reputation, society);cruthaigh;0
build;create (reputation, society);déan;0
build;develop (trust etc);forbair;0
build;develop (trust etc);cothaigh;0
build;(of tension, excitement) grow;méadaigh verb;0
build;(of tension, excitement) grow;dul i dtreise;0
build;(of tension, excitement) grow;ardaigh;0
buy;pay money for;ceannaigh;0
buy;bribe;ceannaigh;0
buy;obtain by sacrifice;saothraigh;0
buy;obtain by sacrifice;ceannaigh;0
buy;believe, accept;creid;0
buy;believe, accept;glac le;0
call;name;tabhair ar;0
call;name;glaoigh ar;0
call;describe, refer to as;tabhair ar;0
call;describe, refer to as;glaoigh ar;0
call;agree on;abair;0
call;phone;glaoigh ar;0
call;phone;scairt ar;0
call;phone;glaoch a chur ar;0
call;phone;scairt a chur ar;0
call;phone;scairt a chur;0
call;phone;glaoigh;0
call;phone;scairt;0
call;summon service etc;glaoigh ar;0
call;summon service etc;scairt ar;0
call;summon person etc;glaoigh;0
call;summon person etc;gair;0
call;in court;gair;0
call;in court;glaoigh;0
call;to vocation;gair;0
call;convene;gair;0
call;convene;fógair;0
call;shout sth;glaoigh;0
call;shout sth;scairt;0
call;shout sth;fógair;0
call;shout to sb;glaoigh;0
call;shout to sb;scairt;0
call;shout to sb;glaoigh ar;0
call;shout to sb;scairt ar;0
call;announce;glaoigh;0
call;announce;scairt;0
call;announce;fógair;0
call;declare;fógair;0
call;choose trumps;glaoigh;0
call;choose trumps;fógair;0
call;when tossing coin;glaoigh;0
call;predict;glaoigh;0
call;shout dance steps;glaoigh;0
call;shout dance steps;fógair;0
call;of animal, bird, etc;glaoigh;0
call;visit;buail isteach;0
call;visit;tar ar cuairt;0
can;be able;is féidir le;0
can;be able;tig le;0
can;be able;féad;0
carry;take physically;iompair;0
carry;of vehicle;iompair;0
carry;of vehicle;tabhair;0
carry;of road, pipe, etc;iompair;0
carry;of stream etc;iompair;0
carry;convey news etc;iompair;0
carry;have virus etc;iompair;0
carry;publish;foilsigh;0
carry;broadcast;craol;0
carry;support weight;iompair;0
carry;bear oneself;iompair;0
carry;develop, continue;lean le;0
carry;develop, continue;lean de;0
carry;lead sb somewhere;tabhair;0
carry;do sb's share etc;iompair;0
carry;approve emotion;iompair;0
carry;engage audience, reader, etc;meall;0
carry;engage audience, reader, etc;téigh i gcion ar;0
carry;(especially US) win election;an bua a beith agat i;0
carry;of voice, sound;bheith le cloisteáil;0
carry;of voice, sound;bheith le cluinstin;0
carry;be pregnant;bheith ag iompar;0
carry;be pregnant;iompair;0
catch;field ball etc;ceap;0
catch;field ball etc;beir ar;0
catch;field ball etc;greim a fháil ar;0
catch;field ball etc;gabh;0
catch;stop sb falling;beir ar;0
catch;stop sb falling;greim a fháil ar;0
catch;put batsman out;cuir amach trí cheapadh;0
catch;stop falling liquid, objects;ceap;0
catch;stop falling liquid, objects;beir ar;0
catch;stop falling liquid, objects;bailigh;0
catch;stop sb escaping;beir ar;0
catch;stop sb escaping;greim a fháil ar;0
catch;take hold of sb;beir ar;0
catch;take hold of sb;greim a bhreith ar;0
catch;take hold of sb;greim a fháil ar;0
catch;find and arrest sb;beir ar;0
catch;find and arrest sb;gabh;0
catch;find and arrest sb;greim a fháil ar;0
catch;get on train etc;faigh;0
catch;get on train etc;téigh ar;0
catch;arrive in time for train etc;bheith in am do;0
catch;arrive in time for train etc;faigh;0
catch;be in time to see or do sth;faigh;0
catch;be in time to see or do sth;bheith in am do;0
catch;trap, hunt;beir ar;0
catch;trap, hunt;ceap;0
catch;trap, hunt;greim a fháil ar;0
catch;find sb doing sth wrong or illegal;beir ar;0
catch;find sb doing sth wrong or illegal;greim a fháil ar;0
catch;find sb in unexpected situation;beir ar;0
catch;find sb in unexpected situation;beir amuigh ar;0
catch;see or smell;faigh;0
catch;get disease;tolg;0
catch;get disease;faigh;0
catch;get disease;tóg;0
catch;hear;clois;0
catch;hear;cluin;0
catch;understand;tuig;0
catch;find sb you need to talk to;beir ar;0
catch;find sb you need to talk to;tar ar cuairt;0
catch;find sb you need to talk to;faigh;0
catch;find sb you need to talk to;greim a fháil ar;0
catch;discover problem, illness;faigh;0
catch;discover problem, illness;tar ar;0
catch;discover problem, illness;beir ar;0
catch;discover problem, illness;aimsigh;0
catch;get stuck;téigh i bhfostú;0
catch;get stuck;téigh i ngreim;0
catch;get stuck;greamaigh;0
catch;make sth get stuck;greamaigh;0
catch;make sth get stuck;ceap;0
catch;of wind, wave;beir ar;0
catch;of wind, wave;gabh;0
catch;hit sb on part of body;buail;0
catch;hit part of body on sth;buail;0
catch;describe, portray accurately;tabhair leat;0
catch;start to burn;las;0
catch;start to burn;adhain;0
change;become different;athraigh;0
change;of wind;athraigh;0
change;of wind;cas;0
change;of wind;iompaigh;0
change;go different colour;athraigh;0
change;go different colour;cas;0
change;make sth/sb different;athraigh;0
change;move sth/sb;bog;0
change;move sth/sb;athraigh;0
change;move sth/sb;aistrigh;0
change;switch to sth;athraigh;0
change;replace;athraigh;0
change;exchange purchase;athraigh;0
change;exchange money;athraigh;0
change;exchange money;malartaigh;0
change;exchange for coins etc;bris;0
change;exchange for coins etc;sóinseáil;0
change;clothes;do chuid éadaí a athrú;0
change;clothes;do chuid éadaigh a athrú;0
change;clothes;athrú éadaigh a chur ort;0
change;bus, plane, etc;athraigh;0
change;bus, plane, etc;aistrigh;0
choose;pick from alternatives;roghnaigh;0
choose;pick from alternatives;pioc;0
choose;pick from alternatives;rogha a dhéanamh;0
choose;pick from alternatives;roghnaigh;0
choose;decide to do sth;cinn;0
choose;decide to do sth;socraigh;0
choose;decide to do sth;beartaigh;0
clap;in applause;bheith ag bualadh bos;0
clap;in applause;bualadh bos a thabhairt do;0
clap;hit hands together;do bhosa a bhualadh ar a chéile;0
clap;place firmly;cuir;0
clap;place firmly;fáisc;0
clap;place firmly;leag;0
clean;remove dirt etc;glan;0
clean;remove dirt etc;nigh;0
clean;gut;glan;0
climb;clamber, scale;dreap;0
climb;on mountain etc;dreap;0
climb;on mountain etc;bheith ag dreapadh;0
climb;go up stairs, slope, etc;téigh suas;0
climb;go up stairs, slope, etc;gabh suas;0
climb;increase;ardaigh;0
climb;achieve rank, status;téigh in airde;0
climb;achieve rank, status;téigh suas;0
climb;(of aircraft) move higher;ardaigh;0
climb;(of road, path) ris;ardaigh;0
climb;(of plant) grow up over surface;dreap;0
climb;(of sun) rise higher;éirigh;0
close;shut door, drawer, eyes, etc;dún;0
close;shut door, drawer, eyes, etc;druid;0
close;fold book, umbrella;dún;0
close;fold book, umbrella;druid;0
close;block hole, opening;dún;0
close;block hole, opening;druid;0
close;shut business etc;dún;0
close;shut business etc;druid;0
close;restrict access to road etc;dún;0
close;restrict access to road etc;druid;0
close;end activity, discussion;deireadh a chur le;0
close;end activity, discussion;críoch a chur le;0
close;end activity, discussion;tabhair chun deiridh;0
close;end activity, discussion;clabhsúr a chur ar;0
close;end activity, discussion;críochnaigh;0
close;stop app, window, etc;dún;0
close;stop app, window, etc;druid;0
close;reduce difference, distance;laghdaigh;0
close;reduce difference, distance;téigh i laghad;0
close;approach, catch up;tar níos cóngaraí;0
close;approach, catch up;tar níos gaire;0
close;terminate account;dún;0
close;terminate account;druid;0
close;finalise deal;cuir i gcrích;0
close;of cut, wound;dún;0
close;of cut, wound;druid;0
close;of circuit;dún;0
close;of circuit;druid;0
come;move, travel;tar;0
come;attend, accompany;tar;0
come;arrive;tar;0
come;happen;tar;0
come;happen;tarlaigh;0
come;reach sth physically;tar;0
come;reach point, state;tar;0
come;be sold etc;bheith ar fáil;0
come;feature in priority, order, etc;tar;0
come;orgasm;tar;0
complete;finish;críochnaigh verb;0
complete;finish;cuir i gcrích;0
complete;make whole;iomlánaigh;0
complete;fill in form etc;líon;0
complete;fill in form etc;comhlánaigh;0
cook;food, meal;cócaráil;0
cook;food, meal;réitigh;0
cook;food, meal;cócaráil verb;0
cook;food, meal;an chócaireacht a dhéanamh;0
cook;food, meal;bia a réiteach;0
cook;undergo cooking process;cócaráil;0
cook;happen;tarlaigh;0
cook;happen;bheith ar bun;0
count;calculate numbers;comhair;0
count;calculate numbers;cuntais;0
count;calculate numbers;áirigh;0
count;say numbers in sequence;comhair;0
count;say numbers in sequence;cuntais;0
count;say numbers in sequence;comhaireamh a dhéanamh;0
count;include sb/sth in calculation;áirigh;0
count;include sb/sth in calculation;cuir san áireamh;0
count;include sb/sth in calculation;cuir sa chuntas;0
count;be included in calculation;áirigh;0
count;be included in calculation;bheith san áireamh;0
count;consider sb/sth in category;áirigh;0
count;be considered in category;bheith san áireamh;0
count;be significant;bheith tábhachtach;0
cross;move across;trasnaigh;0
cross;move across;téigh trasna;0
cross;intersect;trasnaigh;0
cross;intersect;téigh trasna ar;0
cross;traverse;téigh trasna;0
cross;fold legs, arms;cuir trasna ar a chéile;0
cross;fold legs, arms;cuir thar a chéile;0
cross;move within or between bodies;sáraigh;0
cross;go beyond (limit);sáraigh;0
cross;hit (ball) across;buail trasna;0
cross;hit (ball) across;cuir trasna;0
cross;combine breeds;crosáil;0
cross;combine breeds;crosphóraigh;0
cross;combine breeds;cros-síolraigh;0
cross;thwart, oppose;cuir in aghaidh;0
cross;thwart, oppose;cuir i gcoinne;0
cry;weep;caoin;0
cry;weep;goil;0
cry;call, shout out;glaoigh;0
cry;call, shout out;scairt;0
cry;advertise (wares);reic;0
cry;of bird, animal;scréach;0
cry;of bird, animal;scread;0
dance;move body to music;bheith ag damhsa;0
dance;move body to music;bheith ag rince;0
dance;move body to music;damhsaigh;0
dance;move body to music;rinc;0
dance;perform dance steps;bheith ag damhsa;0
dance;perform dance steps;bheith ag rince;0
dance;move in lively way;bheith ag pramsáil;0
dance;move in lively way;bheith ag rince;0
dance;eyes;bheith ag glioscarnach;0
dance;eyes;bheith ag lonrú;0
do;perform activity;déan;0
do;achieve (sth);déan;0
do;perform, progress;déan;0
do;produce effect;déan;0
do;have function;déan;0
do;perform (act, scene, play);déan;0
do;perform (act, scene, play);cuir i láthair;0
do;with 'what': work at;déan;0
do;study (subject, course);déan;0
do;cover (topic);déan;0
do;engage in sport etc;déan;0
do;create (work, document etc);déan;0
do;write report, essay, etc;scríobh;0
do;write report, essay, etc;déan;0
do;cook, prepare food;déan;0
do;cook, prepare food;réitigh;0
do;spend time period;cuir isteach;0
do;spend time period;déan;0
do;spend time period;caith;0
do;travel distance, speed;déan;0
do;travel distance, speed;téigh;0
do;visit (place);téigh go dtí;0
do;visit (place);cuairt a thabhairt ar;0
do;charge or punish sb;an dlí a chur ar;0
do;charge or punish sb;tabhair chun cúirte;0
do;charge or punish sb;tabhair os comhair na cúirte;0
do;kill sb;treascair;0
do;kill sb;cnag;0
do;cheat, trick;bob a bhualadh ar;0
do;cheat, trick;dallamullóg a chur ar;0
do;sterilise (animal);coill;0
do;sterilise (animal);gearr;0
do;impersonate;aithris a dhéanamh ar;0
do;take drug;tóg;0
do;take drug;glac;0
do;take drug;caith;0
draw;produce image;tarraing;0
draw;pull;tarraing;0
draw;open/close sth;tarraing;0
draw;take out weapon etc;tarraing;0
draw;extract tooth etc;tarraing;0
draw;extract tooth etc;stoith;0
draw;get sth from source;tarraing;0
draw;get (confession);meall;0
draw;get (confession);tarraing;0
draw;pick randomly;tarraing;0
draw;pick randomly;an tarraingt a dhéanamh;0
draw;get, derive;faigh;0
draw;(of fire) pull in air;tarraing;0
draw;(of tea) brew;tarraing;0
draw;guide sb;tabhair;0
draw;attract sb;tarraing;0
draw;attract sb;meall;0
draw;attract attention etc;tarraing;0
draw;induce sb;tarraing;0
draw;induce sb;meall;0
draw;deduce;bain;0
draw;provoke response;tarraing;0
draw;(in bridge) lead;imir;0
draw;make (wire);tarraing;0
draw;disembowel;glan;0
draw;disembowel;na hinní a bhaint as;0
draw;tie;bheith ar comhscór;0
draw;tie;bheith cothrom;0
draw;tie;críochnaigh ar comhscór;0
draw;need (depth);tarraing;0
draw;(of sailes) fill with wind;tarraing;0
dream;while sleeping;bheith ag brionglóideach;0
dream;while sleeping;brionglóid a bheith agat;0
dream;while sleeping;taibhreamh a bheith agat;0
dream;day-dream;bheith ag smaoineamh siar;0
dream;fantasise unrealistically;bheith ag brionglóideach;0
dream;fantasise unrealistically;dul amú a bheith ort;0
dress;put on your clothes;tú féin a ghléasadh;0
dress;put on your clothes;do chuid éadaigh a chur ort;0
dress;put clothes on sb;gléas;0
dress;wear particular clothes;gléas;0
dress;design, choose clothes for (sb);éadaí a dhearadh do;0
dress;design, choose clothes for (sb);éadach a dhearadh do;0
dress;put dressing on salad;blastán a chur ar;0
dress;bandage wound;cóirigh;0
dress;decorate (room, tree etc);maisigh;0
dress;decorate (room, tree etc);cóirigh;0
dress;smooth (stone);cóirigh;0
dress;arrange (hair);cóirigh;0
dress;arrange (hair);réitigh;0
dress;prepare (bird, crab);ullmhaigh;0
dress;prepare (bird, crab);cóirigh;0
dress;prepare (bird, crab);réitigh;0
dress;fertilise (soil);leasaigh;0
drink;consume liquid;ól;0
drink;consume alcohol;ól;0
drink;(of plants) absorb moisture;ídigh;0
drink;use a lot of fuel;bheith trom ar;0
drink;use a lot of fuel;slog;0
drink;toast;ól;0
drive;use or steer vehicle;tiomáin;0
drive;describing how vehicle handles;tiomáin;0
drive;provide impetus for;cuir chun cinn;0
drive;provide impetus for;spreag;0
drive;herd animals;seol;0
drive;force sb to go;díbir;0
drive;force sb to go;ruaig;0
drive;banish thought;ruaig;0
drive;banish thought;an ruaig a chur ar;0
drive;of software, device;tiomáin;0
drive;of software, device;cuir ag obair;0
drive;power machine, wheel, etc;tiomáin;0
drive;power machine, wheel, etc;oibrigh;0
drive;force sb to work hard;tiomáin;0
drive;of cloud, rain, wind, etc;brúigh;0
drive;of cloud, rain, wind, etc;séid;0
drive;of nail, point, etc;buail;0
drive;of nail, point, etc;tiomáin;0
drive;of nail, point, etc;sáigh;0
drive;hit or kick hard;tiomáin;0
drop;fall;tit;0
drop;let sth fall;lig uait;0
drop;let sth fall;caith uait;0
drop;put ball in hole;cuir sa pholl;0
drop;(of connection) be lost;clis;0
drop;(of connection) be lost;loic;0
drop;decrease;tit;0
drop;decrease;ísligh;0
drop;decrease;laghdaigh;0
drop;lower sth;ísligh;0
drop;bring to location;tabhair chuig;0
drop;bring to location;fág ag;0
drop;mention;luaigh;0
drop;mention;tarraing isteach;0
drop;send message;cuir;0
drop;send message;seol;0
drop;lose, fail to score;caill;0
drop;stop associating with;faigh réidh le;0
drop;stop associating with;faigh réitithe de;0
drop;stop associating with;cúl a thabhairt le;0
drop;let go;scaoil le;0
drop;let go;lig chun siúil;0
drop;abandon;éirigh as;0
drop;abandon;fág i do dhiaidh;0
drop;fail to pronounce;báigh;0
drop;(of ground) fall away;tit;0
drop;(of ground) fall away;tit le fána;0
drop;take drug;tóg;0
drop;take drug;glac;0
drop;take drug;caith siar;0
drop;lose (money);caill;0
drop;give birth;beir;0
drop;bring to ground;leag;0
drop;bring to ground;leag go talamh;0
drop;bring to ground;leag amach;0
dry;become dry;triomaigh;0
dry;become dry;éirigh tirim;0
dry;make sth dry;triomaigh;0
dry;wipe dishes;triomaigh;0
dry;make skin, hair rough;triomaigh;0
dry;desiccate food etc;triomaigh;0
eat;of food or diet;ith;0
eat;have meal;ith;0
eat;have meal;caith;0
eat;lot of;slog;0
eat;lot of;alp;0
email;send email;ríomhphost a chur;0
email;send email;ríomhphost a sheoladh;0
email;send email;ríomhphost a chur chuig;0
email;send email;ríomhphost a sheoladh chuig;0
enjoy;derive pleasure from;taitneamh a bhaint as;0
enjoy;derive pleasure from;sult a bhaint as;0
fall;move quickly down;tit;0
fall;of snow, rain, tears, etc;tit;0
fall;of person, tree, structure;tit;0
fall;of person, tree, structure;tit go talamh;0
fall;of level, amount, value, etc;tit;0
fall;of level, amount, value, etc;ísligh;0
fall;of day/date;tit;0
fall;lose power;tit;0
fall;be taken by enemy;tit;0
fall;be killed in war;tit;0
fall;slope downwards;tit;0
fall;slope downwards;ísligh;0
fall;of sound, wind, etc;ísligh;0
fall;of sound, wind, etc;ciúnaigh;0
fall;of night, darkness;tit;0
fall;start to affect sb/sth;tit;0
feed;people, animals, etc;cothaigh;0
feed;people, animals, etc;beathaigh;0
feed;people, animals, etc;bia a thabhairt do;0
feed;people, animals, etc;biathaigh;0
feed;baby ;beathaigh;0
feed;baby ;cothaigh;0
feed;baby: drink milk;bheith ag diúl;0
feed;animal: eat food;ith;0
feed;plant;beathaigh;0
feed;plant;leasaigh;0
feed;give sb information, idea, etc;tabhair do;0
feed;give sb information, idea, etc;inis do;0
feed;into machine etc;cuir isteach;0
feed;move sth;cuir;0
feed;move sth;lig;0
feed;move sth;scaoil;0
feed;with water, power etc;soláthair;0
feed;with water, power etc;cuir ar fáil;0
feed;strengthen (feeling, suspicion etc);neartaigh;0
feed;strengthen (feeling, suspicion etc);láidrigh;0
feed;strengthen (feeling, suspicion etc);cothaigh;0
feed;strengthen (feeling, suspicion etc);cuir le;0
feed;provide for habit, demand, etc;freastail ar;0
feed;provide for habit, demand, etc;freastal a dhéanamh ar;0
feed;put fuel onto;cuir le;0
feed;put fuel onto;coinnigh le;0
feel;emotionally, physically;mothaigh;0
feel;emotionally, physically;braith;0
feel;emotionally, physically;airigh;0
feel;be aware of emotion, sensation;mothaigh;0
feel;be aware of emotion, sensation;braith;0
feel;be aware of emotion, sensation;airigh;0
feel;produce feeling;mothaigh;0
feel;produce feeling;braith;0
feel;produce feeling;airigh;0
feel;touch;mothaigh;0
feel;touch;braith;0
feel;touch;airigh;0
feel;touch;cuimil;0
feel;touch;do lámh a chur ar;0
feel;touch;do mhéar a chur ar;0
feel;search with hands;cuardaigh;0
feel;search with hands;lorg;0
feel;search with hands;braith romhat;0
feel;search with hands;mothaigh;0
feel;be cold etc to the touch;mothaigh;0
feel;be cold etc to the touch;braith;0
feel;be cold etc to the touch;airigh;0
feel;notice sensation of sth;mothaigh;0
feel;notice sensation of sth;braith;0
feel;notice sensation of sth;airigh;0
feel;sense;mothaigh;0
feel;sense;braith;0
feel;sense;airigh;0
feel;experience emotional, physical impact;mothaigh;0
feel;experience emotional, physical impact;braith;0
feel;experience emotional, physical impact;airigh;0
film;record;scannánaigh;0
find;locate by looking;faigh;0
find;locate by looking;tar ar;0
find;locate by looking;aimsigh;0
find;using search function;aimsigh;0
find;get sth you need;faigh;0
find;get sth you need;tar ar;0
find;get sth you need;aimsigh;0
find;come across unexpectedly;faigh;0
find;come across unexpectedly;tar ar;0
find;learn, discovver;aithin;0
find;learn, discovver;feic;0
find;learn, discovver;faigh amach;0
find;realise, come to believe;aithin;0
find;realise, come to believe;feic;0
find;realise, come to believe;tabhair faoi deara;0
find;establish by research etc;faigh amach;0
find;record verdict;faigh;0
find;encounter;faigh;0
find;encounter;tar ar;0
find;hit (target);buail;0
find;hit (target);aimsigh;0
fish;catch fish;bheith ag iascaireacht;0
fish;catch fish;bheith ag iascach;0
fish;catch fish;bheith ag iascaireacht ar;0
fish;catch fish;bheith ag iascach ar;0
fish;look for sth;lorg;0
fish;rummage;bheith ag póirseáil;0
fish;rummage;bheith ag tóraíocht;0
fix;manipulate outcome, price, etc;socraigh;0
fix;fasten or attach;feistigh;0
fix;fasten or attach;daingnigh;0
fix;register in mind, memory, etc;neadaigh;0
fix;stare at;stán;0
fix;stare at;stán ar;0
fix;stare at;bheith ag cur na súl trí;0
fix;focus (attention, mind etc);dírigh ar;0
fix;repair;deisigh;0
fix;repair;bail a chur ar;0
fix;set, establish;socraigh;0
fix;make sth possible;socraigh;0
fix;prepare food, drink;ullmhaigh;0
fix;prepare food, drink;réitigh;0
fix;tidy, rearrange;réitigh;0
fix;tidy, rearrange;cóirigh;0
fix;make (dye etc) permanent;buanaigh;0
fix;make permanent;fosaigh;0
fix;assimilate;fosaigh;0
fly;travel etc by aircraft;eitil;0
fly;pilot aircraft;eitil;0
fly;cross in aircraft;eitil trasna;0
fly;of birds, insects;eitil;0
fly;of flag;bheith ar foluain;0
fly;of flag;cuir in airde;0
fly;of flag;cuir ar foluain;0
fly;of kite;cuir ag eitilt;0
fly;of time ;imigh;0
fly;of time ;téigh thart;0
fly;clever;glic;0
fly;clever;cleasach;0
get;receive;faigh;0
get;earn, receive money;faigh;0
get;obtain;faigh;0
get;buy;faigh;0
get;fetch;faigh;0
get;send for;faigh;0
get;inherit;faigh;0
get;achieve, score;faigh;0
get;achieve, score;gnóthaigh;0
get;attain level;téigh;0
get;receive signal;faigh;0
get;use transport;faigh;0
get;use transport;glac;0
get;use transport;tóg;0
get;conssume food;faigh;0
get;receive punishmnet, sanction;faigh;0
get;understand, grasp;tuig;0
get;hear;clois;0
get;hear;cluin;0
get;hear;faigh;0
get;see;féach;0
get;see;breathnaigh;0
get;see;amharc;0
get;transport;tabhair;0
get;travel;téigh;0
get;collect, pick up;tóg;0
get;collect, pick up;pioc suas;0
get;catch fish;beir ar;0
get;catch fish;greim a fháil ar;0
get;strike;buail;0
get;kill;maraigh;0
get;contact;faigh;0
get;contact;teagmháil a dhéanamh le;0
get;send;cuir;0
get;annoy;cuir isteach ar;0
get;annoy;olc a chur ar;0
get;encounter;faigh;0
give;pass sth to sb;tabhair;0
give;provide;tabhair;0
give;communicate sth;tabhair;0
give;gift etc;tabhair;0
give;invest yourself;tabhair;0
give;perform an atction;tabhair;0
give;pay, donate;tabhair;0
give;pay, donate;airgead a thabhairt;0
give;confer rights, powers, etc;tabhair;0
give;devote time, effort, etc;tabhair;0
give;allocate time to sth;tabhair;0
give;estimate the end of sth;tabhair;0
give;produce sensation, emotion;tabhair;0
give;produce belief, thought;tabhair;0
give;transmit illness;tabhair;0
give;pass sentence;gearr;0
give;dispense medicine;tabhair;0
give;award mark, grade, etc;tabhair;0
give;pass on greeting;tabhair;0
give;pass on greeting;cuir in iúl;0
give;compromise;géill;0
give;compromise;lig uait;0
give;yield, bend;tabhair uait;0
give;yield, bend;géill;0
go;move, travel;téigh;0
go;move, travel;gabh;0
go;move, travel to do sth;téigh;0
go;move, travel to do sth;gabh;0
go;of speed, distance;téigh;0
go;of speed, distance;gabh;0
go;of speed, distance;imigh;0
go;attend;téigh;0
go;attend;gabh;0
go;attend;freastail;0
go;leave;imigh;0
go;leave;fág;0
go;leave;bailigh leat;0
go;move in particular way;téigh;0
go;move in particular way;imigh;0
go;follow course, route;téigh;0
go;reach, extend;téigh;0
go;be sent;téigh;0
go;money: be spent;imigh;0
go;disappear;imigh;0
go;be got rid of;imigh;0
go;time: pass;imigh;0
go;time: pass;téigh thart;0
go;proceed, progress;téigh;0
go;engine, machine: run;bheith ag gabháil;0
go;engine, machine: run;bheith ar siúl;0
go;engine, machine: run;bheith air;0
go;change state;éirigh;0
go;describing sb's state;bheith;0
go;be without sth;téigh;0
go;deteriorate, fail;imigh;0
go;deteriorate, fail;clis;0
go;deteriorate, fail;clis ar;0
go;deteriorate, fail;teip;0
go;belong, be kept;téigh;0
go;fit somewhere;téigh;0
go;fit somewhere;gabh;0
go;fit, agree;oir;0
go;fit, agree;feil;0
go;fit, agree;fóir;0
go;song, story, etc;téigh;0
go;say;abair;0
go;make sound;déan;0
go;sound;buail;0
go;sound;bain;0
go;start;tosaigh;0
go;be willing to pay particular price;téigh;0
go;be willing to pay particular price;gabh;0
go;do sth disapproved of;bheith;0
grow;person, animal: develop, get bigger;fás;0
grow;develop personally;fás;0
grow;of plants, bacteria etc;fás;0
grow;increase in number, quantity;fás;0
grow;increase in number, quantity;méadaigh;0
grow;increase in number, quantity;téigh i méid;0
grow;of business etc;fás;0
grow;of business etc;méadaigh;0
grow;cultivate;fás;0
grow;cultivate;saothraigh;0
grow;of hair, nails;fás;0
grow;of feeling, quality: increase;méadaigh;0
grow;become;éirigh;0
help;assist sb;cuidigh le;0
help;assist sb;cabhraigh le;0
help;assist sb;cúnamh a thabhairt do;0
help;assist sb;cabhair a thabhairt do;0
help;assist sb;cuidiú a thabhairt do;0
help;assist sb;we help the poor cabhraímid;0
help;assist sb;cuidigh;0
help;assist sb;cabhraigh;0
help;assist sb;cúnamh a thabhairt;0
help;assist sb;cabhair a thabhairt;0
help;assist sb;cuidiú a thabhairt;0
help;improve situation;cuidigh;0
help;improve situation;cabhraigh;0
help;improve situation;bheith ina chúnamh;0
help;improve situation;bheith ina chabhair;0
help;improve situation;bheith ina chuidiú;0
help;improve situation;cuidigh le;0
help;improve situation;cabhraigh le;0
help;improve situation;bheith ina chúnamh ag;0
help;improve situation;bheith ina chuidiú ag;0
help;improve situation;bheith ina chabhair ag;0
hide;conceal object;cuir i bhfolach;0
hide;conceal object;folaigh;0
hide;conceal person;cuir i bhfolach;0
hide;conceal person;coinnigh i bhfolach;0
hide;conceal yourself;téigh i bhfolach;0
hide;conceal yourself;téigh as radharc;0
hide;prevent from being seen;ceil;0
hide;prevent from being seen;folaigh;0
hide;conceal emotion;ceil;0
hide;conceal emotion;cuir faoi cheilt;0
hide;conceal emotion;coinnigh faoi cheilt;0
hide;conceal fact, truth;ceil;0
hide;conceal fact, truth;folaigh;0
hit;touch with force;buail;0
hit;make contact with;buail;0
hit;strike ball;buail;0
hit;score (goal);aimsigh;0
hit;score (goal);scóráil;0
hit;score (goal);faigh;0
hit;happen;buail;0
hit;go somewhere for fun;tabhair faoi;0
hit;go somewhere for fun;aghaidh a thabhairt ar;0
hit;drink lots of (alcohol);téigh ar;0
hit;drink lots of (alcohol);luigh isteach ar;0
hit;affect adversely;buail;0
hit;affect adversely;cuir isteach ar;0
hit;total, level, etc;sroich;0
hit;total, level, etc;bain amach;0
hit;place;sroich;0
hit;place;bain amach;0
hit;place;tar chomh fada le;0
hit;start out along;brúigh;0
hit;assassinate;maraigh;0
hold;keep grip on;beir ar;0
hold;keep grip on;greim a bhreith ar;0
hold;keep grip on;greim a choinneáil ar;0
hold;put, keep in particular position;coinnigh;0
hold;put, keep in particular position;coimeád;0
hold;store information;coinnigh;0
hold;store information;coimeád;0
hold;grip part of body;greim a bheith agat ar;0
hold;grip part of body;beir ar;0
hold;grip part of body;greim a choinneáil ar;0
hold;button, switch, etc;coinnigh;0
hold;button, switch, etc;coimeád;0
hold;embrace;do dhá lámh a chur timpeall ar;0
hold;embrace;barróg a bhreith ar;0
hold;embrace;croí isteach a thabhairt do;0
hold;not collapse;seas;0
hold;support weight;tóg;0
hold;organise, conduct;eagraigh;0
hold;organise, conduct;rith;0
hold;organise, conduct;reáchtáil;0
hold;consider, believe;bheith den tuairim;0
hold;consider, believe;meas;0
hold;consider, believe;creid;0
hold;consider, believe;ceap;0
hold;consider, maintain;creid;0
hold;consider, maintain;ceap;0
hold;own (money, property);bheith agat;0
hold;own (money, property);bheith i do sheilbh;0
hold;as prisoner etc;coinnigh;0
hold;as prisoner etc;coimeád;0
hold;delay, keep reservation;coinnigh;0
hold;delay, keep reservation;coimeád;0
hold;interest, attention;coinnigh;0
hold;interest, attention;coimeád;0
hold;keep (at particular level);coinnigh;0
hold;keep (at particular level);coimeád;0
hold;keep going in same direction;coinnigh;0
hold;keep going in same direction;coimeád;0
hold;keep going in same direction;lean;0
hold;note;coinnigh;0
hold;note;coimeád;0
hold;on telephone;fan;0
hold;keep control of;coinnigh;0
hold;keep control of;coimeád;0
hop;jump on one foot;hapáil;0
hop;jump on one foot;preab ar leathchos;0
hop;jump on one foot;léim ar leathchos;0
hop;jump on both feet;peab;0
hop;jump on both feet;léim;0
hop;of animal;peab;0
hop;of animal;léim;0
hop;get in or out of vehicle;léim;0
hop;move between things;léim;0
hop;move between things;athraigh;0
hop;bounce a ball;preab;0
hop;throw in ball;caith isteach;0
hop;jump onto vehicle;léim ar;0
hurt;feel pain;bheith tinn;0
hurt;feel pain;bheith nimhneach;0
hurt;cause pain;gortaigh;0
hurt;cause pain;goin;0
hurt;cause pain;bheith pianmhar;0
hurt;cause pain;bheith nimhneach;0
hurt;cause injury to;gortaigh;0
hurt;cause injury to;goin;0
hurt;distress, offend;goill ar;0
hurt;distress, offend;gortaigh;0
hurt;distress, offend;goin;0
hurt;damage, hinder;dochar a dhéanamh do;0
hurt;damage, hinder;díobháil a dhéanamh do;0
invite;ask sb;cuireadh a thabhairt do;0
invite;ask for, encourage sth;iarr;0
invite;ask for, encourage sth;lorg;0
invite;provoke emotion, state;spreag;0
jump;spring off the ground;léim;0
jump;go over sth;léim;0
jump;go over sth;léim thar;0
jump;of horse;léim;0
jump;from height;léim;0
jump;move suddenly;léim;0
jump;move suddenly;preab;0
jump;startle;preab;0
jump;startle;léim;0
jump;startle;geit;0
jump;of heart;léim;0
jump;of heart;preab;0
jump;of heart;geit;0
jump;bounce suddenly;preab;0
jump;jerk out of position;léim;0
jump;jerk out of position;preab;0
jump;skip, pass over;léim;0
jump;skip, pass over;téigh ar aghaidh;0
jump;skip, pass over;léim thar;0
jump;change focus;léim;0
jump;change focus;preab;0
jump;increase;ardaigh go tobann;0
jump;increase;ardaigh de phreab;0
jump;obey immediately;preab;0
jump;obey immediately;léim;0
jump;obey immediately;bíog;0
jump;attack;léim ar;0
jump;attack;ionsaigh;0
jump;attack;fogha a thabhairt faoi;0
jump;convert;tiontaigh;0
jump;convert;iompaigh;0
jump;jump-start;preabthosaigh;0
jump;have sex with (sb);léim ar;0
kick;person;ciceáil;0
kick;person;cic a bhualadh ar;0
kick;person;cic a thabhairt do;0
kick;animal;speach;0
kick;animal;ciceáil;0
kick;animal;speach a thabhairt do;0
kick;animal;cic a thabhairt do;0
kick;animal;ciceáil;0
kick;animal;speach;0
kick;animal;rad;0
kick;ball;ciceáil;0
kick;ball;buail;0
kick;ball;cic a thabhairt do;0
laugh;laugh;bheith ag gáire;0
laugh;laugh;gáire a dhéanamh;0
learn;acquire knowledge, skills, etc;foghlaim;0
learn;memorise;foghlaim;0
learn;adapt behaviour;foghlaim;0
learn;teach;múin;0
let;allow sb to do sth;lig do;0
let;allow sth to happen;lig do;0
let;allow sb/sth to move somewhere;lig do;0
let;allow sb/sth to move somewhere;scaoil;0
let;rent out;lig;0
let;rent out;lig ar cíos;0
let;rent out;lig amach ar cíos;0
let;rent out;áit a ligean;0
let;rent out;áit a ligean ar cíos;0
like;appreciate, prefer thing;taitin le;0
like;appreciate, prefer thing;is maith le;0
like;enjoy activity;taitin le;0
like;enjoy activity;is maith le;0
like;approve of;taitin le;0
like;approve of;is maith le;0
like;do regularly;is maith le;0
listen;pay attention to sound;éist;0
listen;pay heed;éist;0
live;exist;mair;0
live;dwell;cuir fút;0
live;dwell;bheith i do chónaí;0
live;dwell;cónaí a bheith ort;0
live;live yout life;mair;0
live;remain alive;mair;0
live;subsist;mair;0
look;direct eyes towards;féach;0
look;direct eyes towards;breathnaigh;0
look;direct eyes towards;amharc;0
look;direct eyes towards;féach ar;0
look;direct eyes towards;breathnaigh ar;0
look;direct eyes towards;amharc ar;0
look;search;cuardaigh;0
look;search;lorg;0
look;hope to find;cuardaigh;0
look;hope to find;lorg;0
look;telling sb to look;féach;0
look;telling sb to look;breathnaigh;0
look;telling sb to look;amharc;0
look;telling sb to listen;féach;0
look;telling sb to listen;breathnaigh;0
look;telling sb to listen;amharc;0
look;telling sb to listen;éist;0
look;introducing suggestion;féach;0
look;introducing suggestion;breathnaigh;0
look;introducing suggestion;amharc;0
look;introducing suggestion;éist;0
look;when proving point;féach;0
look;when proving point;breathnaigh;0
look;when proving point;amharc;0
lose;cease to have;caill;0
lose;waste time, opportunity;caill;0
lose;waste time, opportunity;cuir amú;0
lose;evade pursuer;éalaigh ó;0
lose;evade pursuer;cor a thabhairt do;0
lose;be defeated;caill;0
lose;in election, vote;caill;0
lose;be unsuccessful in (case, claim);caill;0
lose;become separated from, not find;caill;0
lose;no longer see (place, trail etc);caill;0
lose;have less money;caill;0
lose;be bereaved of;caill;0
lose;miscarry (baby);caill;0
lose;of clock, watch;caill;0
love;spouse, partner, etc;grá a bheith agat do;0
love;spouse, partner, etc;grá a bheith agat ar;0
love;spouse, partner, etc;gráigh;0
love;spouse, partner, etc;grá a thabhairt do;0
love;family, friends, etc;grá a bheith agat do;0
love;family, friends, etc;cion a bheith agat ar;0
love;family, friends, etc;gean a bheith agat ar;0
love;in religious sense;gráigh;0
love;in religious sense;grá a bheith agat do;0
love;in religious sense;grá a thabhairt do;0
love;have strong attachment to;grá a bheith agat do;0
love;have strong attachment to;meas a bheith agat ar;0
make;prepare food, drink;réitigh;0
make;prepare food, drink;déan;0
make;create/produce sth new;déan;0
make;free time, space for sb/sth;déan;0
make;free time, space for sb/sth;fág;0
make;tidy bed;cóirigh;0
make;cause mess etc to form;déan;0
make;cause mess etc to form;fág;0
make;perform action: decision, deal, plan, etc;déan;0
make;put arrangement etc in place;déan;0
make;put arrangement etc in place;socraigh;0
make;earn, get money;déan;0
make;earn, get money;tuill;0
make;earn, get money;saothraigh;0
make;state (comment, point etc);déan;0
make;have the right qualities to be sth;déan;0
make;equal amount;déan;0
make;force or persuade sb to do sth;iallach a chur ar;0
make;force or persuade sb to do sth;cuir faoi deara do;0
make;force or persuade sb to do sth;tabhair ar;0
make;make success of sth;déan;0
make;make success of sth;barr feabhais a chur ar;0
make;make success of sth;cuir le;0
make;achieve success;bain amach;0
make;achieve success;sroich;0
make;complete (circuit);déan;0
mean;have as meaning;ciallaigh;0
mean;signify, indicate;ciallaigh;0
mix;combine;measc;0
mix;stir;measc;0
mix;stir;corraigh;0
mix;stir;suaith;0
mix;put together;measc;0
mix;put together;cuir le chéile;0
mix;go together;téigh le chéile;0
mix;socialise;measc le daoine;0
mix;combine pieces;measc;0
move;change position;bog;0
move;change position;corraigh;0
move;change position;gluais;0
move;shift body;bog;0
move;shift body;corraigh;0
move;set in motion;cuir ag bogadh;0
move;set in motion;cuir ag imeacht;0
move;change residence, base;bog;0
move;change residence, base;aistrigh;0
move;change residence, base;téigh a chónaí;0
move;time;imigh;0
move;change subject;téigh ar aghaidh;0
move;reschedule;athraigh;0
move;prompt;spreag;0
move;affect emotionally;corraigh;0
move;affect emotionally;téigh i bhfeidhm ar;0
move;formally propose;mol;0
move;by sale;díol;0
move;by sale;faigh réidh le;0
move;by sale;faigh réitithe le;0
move;travel fast;bog;0
move;travel fast;imigh;0
open;door, eye, etc;oscail;0
open;into particular place;oscail;0
open;to public;oscail;0
open;for trading, etc;oscail;0
open;commence, initiate;tús a chur le;0
open;begin;tosaigh;0
open;computer application etc;oscail;0
paint;surface;péinteáil;0
paint;create artwork;péinteáil;0
paint;depict in painting;péinteáil;0
paint;depict in painting;pictiúr a dhéanamh de;0
paint;nails;péinteáil;0
paint;face;péinteáil;0
paint;face;péint a chur ar;0
pay;give money for sth;íoc;0
pay;give money for sth;díol;0
pay;make money;airgead a dhéanamh;0
phone;phone;glaoigh ar;0
phone;phone;scairt ar;0
phone;phone;glao gutháin a chur ar;0
phone;phone;scairt ghutháin a chur ar;0
phone;phone;glaoigh;0
phone;phone;scairt;0
pick;choose;pioc;0
pick;choose;roghnaigh;0
pick;scrape, remove with fingers;pioc;0
pick;lift, gather;pioc;0
pick;harvest fruit, flowers, etc;bain;0
pick;harvest fruit, flowers, etc;pioc;0
pick;back into (lock);pioc;0
pick;provoke fight;tosaigh;0
pick;provoke fight;tóg;0
plant;put seed etc in soil;cuir;0
plant;put seed etc in soil;plandaigh;0
plant;create (garden, orchard etc);cuir;0
plant;create (garden, orchard etc);plandaigh;0
plant;use area for planting;cuir;0
plant;use area for planting;plandaigh;0
plant;in order to incriminate;cuir i bhfolach;0
plant;in order to incriminate;cuir faoi cheilt;0
plant;establish (community);lonnaigh;0
plant;establish (community);bunaigh;0
plant;infiltrate (spy);cuir faoi cheilt;0
plant;hide (bugging device etc);cuir;0
plant;place bomb;cuir;0
plant;place bomb;leag;0
plant;fix in sb's mind;neadaigh;0
play;with toys, friends, etc;bheith ag spraoi;0
play;with toys, friends, etc;bheith ag súgradh;0
play;children: game;imir;0
play;sport, game;imir;0
play;in particular position;imir;0
play;compete against sb;imir in aghaidh;0
play;compete against sb;imir in éadan;0
play;compete against sb;imir i gcoinne;0
play;kick, hit ball;imir;0
play;kick, hit ball;buail;0
play;piece, card;imir;0
play;stock market;bheith ag plé le;0
play;instrument, air;seinn;0
play;instrument, air;cas;0
play;instrument, air;buail;0
play;perform concert;déan;0
play;perform concert;seinn;0
play;perform concert;cas;0
play;CD, track, etc;cas;0
play;CD, track, etc;seinn;0
play;CD, track, etc;cuir ar siúl;0
play;CD, track, etc;bheith ar siúl;0
play;of play, film, etc;bheith ar siúl;0
play;behave as if you are sb/sth;lig ort féin;0
point;indicate way to sb;treoraigh;0
point;indicate way to sb;cuir;0
point;place cursor;pointeáil;0
point;mortar;pointeáil;0
point;score;cúilín a aimsiú;0
point;score;pointe a aimsiú;0
point;score;cúilín a fháil;0
point;score;pointe a fháil;0
point;score;cúilín a aimsiú ó;0
point;score;pointe a aimsiú ó;0
point;score;cúilín a fháil ó;0
point;score;pointe a fháil ó;0
practise;work on improving;cleacht;0
practise;work on improving;cleachtadh a dhéanamh ar;0
practise;work on improving;bheith ag cleachtadh;0
practise;work on improving;cleachtadh a dhéanamh;0
practise;profession, faith, lifestyle;cleacht;0
practise;regularly do activity;déan;0
put;place;cuir;0
put;assign;cuir;0
put;into situation;cuir;0
put;impose ban, tax, etc;cuir;0
put;entrust hope etc;cuir;0
put;combine (sth) with sth;cuir;0
put;express;abair;0
put;present opinion etc;cuir in iúl;0
put;present opinion etc;cuir i láthair;0
put;write, record;cuir;0
put;rank, position;cuir;0
put;add;cuir;0
put;attribute;cuir;0
put;throw (shot);caith;0
put;mate (animal) with;cuir le;0
put;mate (animal) with;cúpláil ;0
rain;if weather;bheith ag cur báistí;0
rain;if weather;bheith ag cur fearthainne;0
rain;if weather;bheith ag báisteach;0
rain;if weather;bheith ag cur;0
read;look at text, book, newspaper, etc;léigh;0
read;look at text, book, newspaper, etc;bheith ag léamh;0
read;decipher writing, print, etc;léigh;0
read;decipher writing, print, etc;déan amach;0
read;decipher lip movements;léigh;0
read;have ability to read;léigh;0
read;have ability to read;léamh a bheith agat;0
read;learn from reading;léigh;0
read;say printed words aloud;léigh;0
read;substitute as correction;léigh;0
read;interpret map, graph, instrument, etc;léigh;0
read;present in parliament;léigh;0
read;study;déan;0
read;study;staidéar a dhéanamh ar;0
read;situation, expression, meaning, etc;léigh;0
read;use data;léigh;0
read;hear over radio;clois;0
read;hear over radio;cluin;0
ride;bike;rothaigh;0
ride;bike;bheith ag rothaíocht;0
ride;motorbike;téigh ar ghluaisrothar;0
ride;motorbike;téigh ag gluaisrothaíocht;0
ride;race, compete etc;bheith ag marcaíocht;0
ride;race, compete etc;bheith ag rásaíocht;0
ride;in vehicle;taistil;0
ride;in vehicle;téigh i;0
ride;form of transport;taistil ar;0
ride;travel across;taistil;0
ride;fairground ride;téigh ar;0
ride;fairground ride;téigh ag marcaíocht ar;0
ride;have sex;téigh in airde ar;0
ride;have sex;craiceann a bhualadh le;0
ride;have sex;leathar a bhualadh le;0
ride;have sex;bheith ag bualadh craicinn;0
ride;have sex;bheith ag bualadh leathair;0
ride;nag at;bheith sa droim ar;0
ride;nag at;bheith anuas ar;0
run;move quickly on foot;rith;0
run;move quickly on foot;reáchtáil;0
run;as sport, activity;rith;0
run;take part in race;rith;0
run;manage event, business, etc;rith;0
run;manage event, business, etc;reáchtáil;0
run;manage event, business, etc;bheith i mbun;0
run;provide course, service, etc;reáchtáil;0
run;provide course, service, etc;cuir ar fáil;0
run;enter animal in race;rith;1
run;hurry;rith;5
run;of road, border, etc;téigh;0
run;of bus, train, etc;téigh;0
run;move smoothly;gluais;0
run;move smoothly;rith;0
run;of river etc;rith;0
run;of river etc;téigh;0
run;of river etc;snigh;0
run;trickle, spill;sil;0
run;trickle, spill;doirt;0
run;tap, pipe, etc;cas air;0
run;tap, pipe, etc;cuir air;0
run;tap, pipe, etc;cuir ar siúl;0
run;tap, pipe, etc;cuir ag dul;0
run;tap, pipe, etc;bheith ag dul;0
run;tap, pipe, etc;bheith ag rith;0
run;tap, pipe, etc;bheith casta air;0
run;of ink, paint, colour, etc;rith;0
run;carry out test, trial, etc;déan;0
run;carry out test, trial, etc;cuir i gcrích;0
run;happen in particular way;téigh;0
run;take place;bheith ar siúl;0
run;take place;bheith ann;0
run;of film, tape, etc;bheith ar siúl;0
run;of film, tape, etc;bheith ag gabháil;0
run;apply, be in force;mair;0
run;program, application, etc;rith;0
run;of engine, machine, etc;rith;0
run;of engine, machine, etc;bheith ar siúl;0
run;of engine, machine, etc;bheith air;0
run;of engine, machine, etc;bheith ag gabháil;0
run;of engine, machine, etc;bheith ag imeacht;0
run;of engine, machine, etc;oibrigh;0
run;of engine, machine, etc;cuir ag gabháil;0
run;of engine, machine, etc;cuir ar siúl;0
run;of engine, machine, etc;cas air;0
run;of vehicle;bheith ag gabháil;0
run;of vehicle;bheith ag imeacht;0
run;of vehicle;coinnigh ar an mbóthar;0
run;of vehicle;coinnigh ag gabháil;0
run;(of vehicle) move out of control;téigh;0
run;(of vehicle) move out of control;imigh;0
run;give sb lift somewhere;síob a thabhairt do;0
run;give sb lift somewhere;tabhair;0
run;pipe, cable, etc;cuir;0
run;pipe, cable, etc;téigh;0
run;of plant: grow somewhere;fás;0
run;hands, fingers, etc;cuimil;0
run;of feeling, thought, etc;téigh;0
run;of feeling, thought, etc;rith;0
run;stand as candidate;seas;0
run;stand as candidate;rith;0
run;reach level, amount;bheith;0
run;smuggle;smugláil;0
run;of stockings etc;rois;0
sail;of boat, ship;seol;0
sail;of sailoer;seol;0
sail;of sailoer;seoltóireacht a dhéanamh;0
sail;leave on a voyage;seol;0
sail;leave on a voyage;cuir chun farraige;0
sail;steer boat;seol;0
sail;move quickly and easily;imigh;0
sail;move quickly and easily;seol;0
sail;move quickly and easily;gluais;0
say;express in words;abair;0
say;recite prayer, poem, etc;abair;0
say;tell sb to do sth;abair;0
say;give opinion;abair;0
say;give opinion;síl;0
say;what people think;abair;0
say;mean, imply;abair;0
say;mean, imply;maígh;0
say;convey idea;cuir in iúl;0
say;give information;abair;0
say;show indirectly;inis;0
say;show indirectly;léirigh;0
score;get point in game;scóráil;0
score;get point in game;aimsigh;0
score;achieve mark, result;scóráil;0
score;judge (sb/sth) and award points;measúnaigh;0
score;judge (sb/sth) and award points;marcáil;0
score;judge (sb/sth) and award points;measúnú a dhéanamh ar;0
score;keep record of score;an scór a choinneáil;0
score;buy (illegal drugs);scóráil;0
score;cut surface;scríob;0
score;compose music for;cum;0
see;perceive with eyes;feic;0
see;have eyesight;radharc a bheith agat;0
see;have eyesight;radharc na súl a bheith agat;0
see;sth not really there;feic;0
see;sth not really there;feic;0
see;sth not really there;breathnaigh;0
see;sth not really there;amharc;0
see;film, play, etc;feic;0
see;refer to;féac;0
see;refer to;amharc;0
see;check, verify;feic;0
see;check, verify;féach ar;0
see;check, verify;breathnaigh ar;0
see;check, verify;amharc ar;0
see;notice;feic;0
see;make sure;féach chuige;0
see;make sure;déan cinnte de;0
see;meet, spend time with;feic;0
see;visit;feic;0
see;encounter;cas ar;0
see;encounter;cas le;0
see;encounter;buail le;0
see;consult professional;téigh chuig;0
see;give interview, consultation, etc to sb;feic;0
see;go out with;téigh amach le;0
see;go out with;siúil amach le;0
see;understand;tuig;0
see;view, consider;féach ar;0
see;view, consider;breathnaigh ar;0
see;view, consider;amharc ar;0
see;imagine;samhlaigh;0
see;find out, realise;feic;0
see;experience, witness;feic;0
see;accompany;téigh le;0
see;accompany;tionlaic;0
see;when betting;meaitseáil;0
send;transmit, communicate;cuir;0
send;transmit, communicate;seol;0
send;pass on;cuir;0
send;convey;cuir;0
send;dispatch;cuir;0
send;cause to become;cuir;0
send;cause to move;cuir;0
shop;go to shop to buy things;bheith ag siopadóireacht;0
shop;go to shop to buy things;téigh ag siopadóireacht;0
shop;inform on sb;sceith ar;0
shop;inform on sb;scéala a dhéanamh ar;0
shout;call, yell;glaoigh;0
shout;call, yell;béic;0
shout;call, yell;scairt;0
shout;call, yell;fógair;0
shout;speak angrily;béic;0
shout;speak angrily;scairt;0
shout;speak angrily;béic a ligean;0
shout;cry out in pain etc;béic;0
shout;cry out in pain etc;scairt;0
shout;cry out in pain etc;béic a ligean;0
show;express;léirigh;0
show;express;taispeáin;0
show;demonstrate;léirigh;0
show;demonstrate;taispeáin;0
show;prove;léirigh;0
show;indicate;léirigh;0
show;indicate;taispeáin;0
show;let sb see;taispeáin;0
show;depict;taispeáin;0
show;depict;léirigh;0
show;communicate;taispeáin;0
show;communicate;tabhair le fios;0
show;broadcast;taispeáin;0
show;present for inspection;taispeáin;0
show;exhibit;taispeáin;0
show;exhibit;cuir ar taispeáint;0
show;be visible;bheith le feiceáil;0
show;escort, guide;tabhair;0
show;escort, guide;treoraigh;0
show;expose;taispeáin;0
show;expose;nocht;0
show;display in competition;cuir ar taispeáint;0
show;display in competition;cuir i seó;0
show;be apparent;bheith le feiceáil;0
show;be apparent;bheith le haithint;0
show;turn up;tar;0
show;turn up;nocht;0
show;teach lesson to;ceacht a mhúineadh do;0
show;teach lesson to;múineadh a chur ar;0
show;teach lesson to;múin;0
sing;person;can;0
sing;person;cas;0
sing;person;ceol;0
sing;bird;can;0
sing;bird;cas;0
sing;bird;ceol;0
sing;bird;abair;0
sing;object;can;0
sing;object;ceiliúir;0
sing;object;ceol;0
sing;divulge information;sceith;0
sing;divulge information;rún a scaoileadh;0
sit;be in sitting position;suigh;0
sit;be in sitting position;bheith i do shuí;0
sit;bird: perch;seas;0
sit;make miss game;fág;0
sit;garment;suigh;0
sit;garment;luigh;0
sit;exam;déan;0
sit;exam;suigh;0
skate;move on ice skates;scátáil;0
skate;perform race, routine on skates;scátáil;0
skip;bounce along;léim thart;0
skip;bounce along;damhsaigh thart;0
skip;using rope;scipeáil;0
skip;jump over (sth) lightly;téigh de léim thar;0
skip;skim;scinn;0
skip;skim;cuir ag scinneadh;0
skip;jump between topics etc;léim thart;0
skip;omit, miss pages, heartbeat;léim thart;0
skip;go quickly, flee;ruaig a thabhairt;0
skip;go quickly, flee;sciuird a thabhairt;0
skip;be captain of;bheith i do chaptaen ar;0
sleep;be/fall asleep;codail;0
sleep;rest when dead;bheith i do chodladh;0
snow;of snow: fall;bheith ag cur sneachta;0
spell;word;litrigh;0
spell;put letters in correct order;litrigh;0
stand;be on feet;seas;0
stand;be on feet;bheith i do sheasamh;0
stand;rise, get up;seas suas;0
stand;step;seas;0
stand;in particular manner;seas;0
stand;place upright;cuir ina sheasamh;0
stand;be stopped;bheith;0
stand;remain unchanged;seas;0
stand;withstand, endure;cuir suas le;0
stand;withstand, endure;seas;0
stand;tolerate;cuir suas le;0
stand;tolerate;seas;0
stand;in election;seas;0
stand;in election;cuir chun cinn;0
stand;in election;rith;0
stand;not flow;seas;0
stand;not flow;bheith;0
stand;remain undisturbed;fág;0
stand;buy sth for sb;seas;0
stand;buy sth for sb;ceannaigh;0
start;begin;tosaigh;0
start;embark on;tosaigh;0
start;embark on;tosaigh ar;0
start;embark on;tús a chur le;0
start;begin taking medicine;tosaigh ar;0
start;set sth in progress;tosaigh ar;0
start;set sth in progress;tús a chur le;0
start;establish, found;bunaigh;0
start;establish, found;tús a chur le;0
start;prompt;cuir;0
start;begin journey;tosaigh;0
start;begin journey;tosaigh ar;0
start;begin journey;tabhair faoi;0
start;begin journey;tús a chur le;0
start;begin race, game, etc;tosaigh;0
start;begin extent, range;tosaigh;0
start;begin operating;tosaigh;0
start;begin operating;dúisigh;0
start;begin operating;cuir ar siúl;0
start;jump, startle;geit;0
stop;prevent;stop;4
stop;prevent;stad;4
stop;prevent;coisc;4
stop;prevent;bac;4
stop;cease doing sth;stop;5
stop;cease doing sth;stad;5
stop;cease doing sth;éirigh as;5
stop;cease doing sth;stop;5
stop;cease doing sth;stad;5
stop;cease doing sth;caith in aer;5
stop;sb doing sth;stop;0
stop;sb doing sth;stad;0
stop;sb doing sth;bac a chur le;0
stop;sb doing sth;stop a chur le;0
stop;sb doing sth;stad a chur le;0
stop;cease happening;stop;0
stop;cease happening;stad;0
stop;cease happening;deireadh a chur le;0
stop;cease happening;stop a chur le;0
stop;cease happening;stad a chur le;0
stop;cease moving;stop;0
stop;cease moving;stad;0
stop;bus, train, etc;stop;0
stop;bus, train, etc;stad;0
stop;stay, spend time;fan;0
stop;stay, spend time;stop;0
stop;payment, money;stad a chur le;0
stop;payment, money;bac a chur ar;0
stop;block, cover;líon;0
stop;block, cover;dún;0
stop;block, cover;druid;0
stop;block, cover;clúdaigh;0
swim;move through water;snámh;0
swim;cross sth by swimming;snámh;0
swim;of fish, animal;snámh;0
swim;be covered in liquid;bheith ar maos;0
swim;be covered in liquid;bheith báite;0
swim;be covered in liquid;bheith ar bogadh;0
swim;be covered in liquid;bheith ar snámh;0
take;take hold of;tóg;0
take;take hold of;glac;0
take;take hold of;beir ar;0
take;transport somewhere;tóg;0
take;transport somewhere;glac;0
take;transport somewhere;tabhair;0
take;remove;tóg;0
take;remove;bain;0
take;choose to have;tóg;0
take;choose to have;glac;0
take;rent;tóg ar cíos;0
take;rent;glac ar cíos;0
take;select for use;tóg;0
take;select for use;glac;0
take;carry with you;tabhair leat;0
take;carry with you;beir leat;0
take;carry with you;tóg;0
take;steal;tóg;0
take;steal;goid;0
take;accept call, order, etc;glac le;0
take;accept call, order, etc;tóg;0
take;effect (decision, action, steps);tóg;0
take;effect (decision, action, steps);glac;0
take;suffer;faigh;0
take;adopt (name, approach);tóg;0
take;adopt (name, approach);glac;0
take;record note, measurement, etc;tóg;0
take;record note, measurement, etc;glac;0
take;drink;tóg;0
take;drink;ól;0
take;eat;tóg;0
take;eat;glac;0
take;eat;caith;0
take;earn, make amount;tóg isteach;0
take;earn, make amount;déan;0
take;earn, make amount;tabhair isteach;0
take;wear (size);caith;0
take;wear (size);tóg;0
take;travel on train, bus, etc;tóg;0
take;travel on train, bus, etc;glac;0
take;travel on train, bus, etc;faigh;0
take;travel on train, bus, etc;téigh ar;0
take;accompany sb somewhere;tabhair;0
take;use route etc;tóg;0
take;use route etc;glac;0
take;lead to place;tabhair;0
take;of time: last, need;tóg;0
take;of time: last, need;glac;0
take;bear, tolerate;tóg;0
take;bear, tolerate;glac;0
take;bear, tolerate;cuir suas le;0
take;bear, tolerate;seas;0
take;bear, tolerate;fulaing;0
take;react, respond;tóg;0
take;react, respond;glac le;0
take;assume, interpret;glac le;0
take;assume, interpret;talamh slán a dhéanamh de;0
take;use as example;tóg;0
take;use as example;glac;0
take;subtract;bain;0
take;subtract;tóg;0
take;subtract;dealaigh;0
take;negotiate bend, fence;tóg;0
take;negotiate bend, fence;glac;0
take;negotiate bend, fence;cuir díot;0
take;negotiate bend, fence;sáraigh;0
take;deal with (items, steps);tabhair faoi;0
take;photo;tóg;0
take;photo;glac;0
take;sit exam, test;déan;0
take;do course, subject;déan;0
take;teach class, lesson;glac;0
take;teach class, lesson;tóg;0
take;attend lesson;tóg;0
take;attend lesson;déan;0
take;officiate at;tóg;0
take;officiate at;glac;0
take;officiate at;déan;0
take;capture by force;gabh;0
take;have sex with;cláraigh;0
take;win;buaigh;0
take;win;bain;0
take;win;gnóthaigh;0
take;win (piece etc) from opponent;gabh;0
take;win (piece etc) from opponent;tóg;0
take;dye, transplant: become fixed, work;tóg;0
take;fish: bite;prioc;0
take;fish: bite;freagair;0
take;fish: bite;éirigh;0
take;cheat sb;creach;0
take;cheat sb;bob a bhualadh ar;0
talk;speak;bheith ag caint;0
talk;speak;labhair;0
talk;speak in language, certain way;labhair;0
talk;discuss;pléigh;0
talk;discuss;labhair faoi;0
talk;mean, envisage;labhair ar;0
talk;give information;labhair;0
talk;gossip;bheith ag caint;0
talk;gossip;bheith ag cúlchaint;0
tell;give information;inis;0
tell;abair;abair;0
tell;contain information for (sb);inis;0
tell;contain information for (sb);eolas a thabhairt;0
tell;contain information for (sb);cuir ar an eolas;0
tell;express;inis;0
tell;relate;inis;0
tell;relate;eachtraigh;0
tell;relate;aithris;0
tell;disclose;nocht;0
tell;disclose;inis;0
tell;disclose;abair;0
tell;disclose;scaoil le rún;0
tell;inform non-verbally;léirigh;0
tell;order, advise;abair;0
tell;recognise, predict;aithin;0
tell;recognise, predict;déan amach;0
tell;recognise, predict;feic;0
tell;recognise, predict;fios a bheith ag duine;0
tell;distinguish;aithin;0
tell;count;comhair;0
tell;count;cuntais;0
text;text;téacsáil;0
text;text;téacs a chur chuig;0
text;text;téacs a sheoladh chuig;0
text;text;téacsáil;0
text;text;téacs a chur;0
text;text;téacs a sheoladh;0
think;believe, consider;ceap;0
think;believe, consider;meas;0
think;believe, consider;síl;0
think;reflect;smaoinigh;0
think;reflect;machnaigh;0
think;have words, thoughts in mind;smaoinigh;0
think;have words, thoughts in mind;ceap;0
think;have words, thoughts in mind;samhlaigh;0
think;have words, thoughts in mind;machnaigh;0
think;recall;smaoinigh;0
think;recall;cuimhnigh;0
think;consider;smaoinigh;0
think;consider;cuimhnigh;0
think;keep in mind;smaoinigh ar;0
think;keep in mind;cuimhnigh ar;0
throw;cast, launch;caith;0
throw;rad;rad;0
throw;hurl yourself;caith;0
throw;aim punch;tarraing;0
throw;erect;cuir;0
throw;project voice;caith;0
throw;project voice;teilg;0
throw;discard;caith;0
throw;put carelessly;caith;0
throw;roll number;caith;0
throw;in martial arts etc;leag;0
throw;in martial arts etc;teilg;0
throw;disconcert, confuse;cuir trí chéile;0
throw;pay out money;caith;0
throw;organise party;eagraigh;0
throw;make pot;déan;0
throw;give birth to;beir;0
tick;clock, meter etc;ticeáil;0
tick;mark;ticeáil;0
tick;mark;tic a chur;0
tick;check;ticeáil;0
tick;check;cuir tic le;0
travel;go on journey;taistil;0
travel;from one place to another;taistil;0
travel;object, energy;gluais;0
travel;object, energy;taistil;0
travel;well, badly, etc;taistil;0
travel;information;taistil;0
travel;in basketball;taistil;0
travel;in path, direction;taistil;0
travel;in path, direction;gluais;0
try;attempt;iarracht a dhéanamh;0
try;attempt;triail;0
try;attempt;triail a bhaint as;0
try;attempt;tabhair faoi;0
try;test out;triail;0
try;test out;triail a bhaint as;0
try;sample;blais;0
try;sample;triail;0
try;consult for information;féach;0
try;consult for information;téigh go dtí;0
try;shop etc for sth;triail a bhaint as;0
try;shop etc for sth;triail;0
try;case, person;éist;0
try;case, person;triail;0
try;case, person;cuir faoi thriail;0
understand;comprehend;tuig;0
understand;realise;tuig;0
understand;empathise;tuig;0
understand;empathise;tuig do;0
understand;imply;cuir i gcéill;0
use;employ;úsáid;0
use;employ;úsáid a bhaint as;0
use;avail yourself of sth;úsáid;0
use;avail yourself of sth;úsáid a bhaint as;0
use;employ sth for a purpose;úsáid;0
use;employ sth for a purpose;úsáid a bhaint as;0
use;employ word, name, etc;úsáid;0
use;employ word, name, etc;úsáid a bhaint as;0
use;consume, spend;ídigh;0
use;consume, spend;úsáid;0
use;exploit;úsáid;0
use;exploit;úsáid a bhaint as;0
use;take drugs;úsáid;0
use;take drugs;glac;0
use;take drugs;tóg;0
use;take drugs;drugaí a úsáid;0
use;take drugs;drugaí a ghlacadh;0
use;treat (sb) in particular way;caith le;0
wait;for sb/sth;fan;0
wait;until later;fan;0
wake;from sleep;dúisigh;0
wake;from sleep;múscail;0
wake;cause (feeling, memory);dúisigh;0
wake;cause (feeling, memory);múscail;0
wake;cause (feeling, memory);spreag;0
wake;hold vigil for (sb);tórraigh;0
wake;hold vigil for (sb);fair;0
walk;travel on foot;siúil;0
walk;accompany sb;siúil le;0
walk;lead animal;tabhair ag siúl;0
walk;pace (sth) out;siúil;0
walk;go missing;imigh;0
walk;go missing;téigh ar strae;0
walk;go missing;téigh ar iarraidh;0
walk;of ghost;bheith le feiceáil;0
walk;of ghost;bheith amuigh;0
wash;clean sth/sb;nigh;0
wash;clean yourself;tú féin a ní;0
wash;of waves, water;tar isteach;0
wash;coat with paint;leachtbhrataigh;0
wash;coat with paint;leachtbhrat a chur ar;0
wash;purify by separation;scag;0
wash;be accepted;bheith inchreidte;0
watch;look at sth/sb;féach ar;0
watch;look at sth/sb;breathnaigh ar;0
watch;look at sth/sb;amharc ar;0
watch;look at sth/sb;fair ar;0
watch;look at sth/sb;coimhéad ar;0
watch;look at sth/sb;féach;0
watch;look at sth/sb;breathnaigh;0
watch;look at sth/sb;amharc;0
watch;look at sth/sb;fair;0
watch;look at sth/sb;coimhéad;0
watch;as surveillance;fair ar;0
watch;as surveillance;coimhéad ar;0
watch;as surveillance;súil a choinneáil ar;0
watch;as surveillance;súil a choimeád ar;0
watch;situation;súil a choinneáil ar;0
watch;situation;breathnaigh ar;0
watch;situation;féach ar;0
watch;situation;coimhéad;0
watch;be wary of, careful about;súil a choinneáil ar;0
watch;be wary of, careful about;súil a choimeád ar;0
watch;be wary of, careful about;bheith cúramach faoi;0
watch;to prevent theft etc;súil a choinneáil ar;0
watch;to prevent theft etc;súil a choimeád ar;0
watch;to prevent theft etc;coimhéad;0
watch;take care of child;súil a choinneáil ar;0
watch;take care of child;aire a thabhairt do;0
watch;take care of child;súil a choimeád ar;0
watch;take care of child;amharc i ndiaidh;0
water;plants etc;uisce a chur ar;0
water;plants etc;uiscigh;0
wave;signal goodbye, hello;lámh a chroitheadh;0
wave;give hand signal;croith;0
wave;move (sth) in air;croith;0
wave;sway in air;bheith ar foluain;0
wave;sway in air;corraigh;0
wave;put curls in (hair);cataíl a chur i;0
wave;put curls in (hair);droimníní a chur i;0
wear;have on;caith;0
wear;put on;caith;0
wear;use;cuir ort;0
wear;damage through use;caith;0
wear;ship;tabhair thart faoin ngaoth;0
wear;accept;glac le;0
wear;have durability;caitheamh a bheith ann;0
work;labour, do job;oibrigh;0
work;labour, do job;bheith ag obair;0
work;make sb work;obair a bhaint as;0
work;be successful or effective;oibrigh;0
work;function, operate;oibrigh;0
work;function, operate;feidhmigh;0
work;operate sth;oibrigh;0
work;exploit (sth) commercially;saothraigh;0
work;operate in (place);saothraigh;0
work;strive, try;oibrigh;0
work;strive, try;bheith ag obair;0
work;solve;oibrigh amach;0
work;solve;réitigh;0
work;create, cause to happen;déan;0
work;paint, sculpt etc;oibrigh;0
work;paint, sculpt etc;saoirseacht a dhéanamh ar;0
work;craft, fashion (sth);oibrigh;0
work;craft, fashion (sth);saoirsigh;0
work;embroider (sth);bróidnigh;0
work;embroider (sth);fuaigh;0
work;knit (sth);cniotáil;0
work;rub, apply (sth);oibrigh;0
work;rub, apply (sth);cuimil;0
work;exercise (muscle etc);aclaigh;0
work;exercise (muscle etc);oibrigh;0
work;rouse;cuir le báiní;0
work;rouse;corraigh;0
work;(of face etc) move or twist with emotion;oibrigh;0
write;word, letter, etc;scríobh;0
write;letter;scríobh chuig;0
write;MUS compose;cum;0
write;MUS compose;scríobh;0
write;program etc;scríobh;0
write;store information;scríobh;0
write;pen: function;scríobh;0
write;correspond;scríobh;0
write;for publication;scríobh;0
